-- 创建数据库
create database student_management_system
use student_management_system

-- 建表
create table student(
	s_no nchar(20) primary key,
	s_name nchar(20) not null,
	s_sex nchar(20) not null check (s_sex = '男' or s_sex = '女'),
	s_age int not null,
	s_classno nchar(20) not null
)

create table class(
	c_no nchar(20) primary key,
	c_major nchar(20) not null,
	c_college nchar(20) not null
)

create table choice(
	ch_student_no nchar(20),
	ch_course_no nchar(20),
	ch_score int not null,
	primary key (ch_student_no, ch_course_no)
)

create table course(
	co_no nchar(20) primary key,
	co_name nchar(40),
	co_time int not null,
	co_credit int not null 
)

-- 插入数据
INSERT INTO student (s_no, s_name, s_sex, s_age, s_classno) VALUES
('S001', '张三', '男', 20, 'C001'),
('S002', '李四', '女', 19, 'C002'),
('S003', '王五', '男', 21, 'C001'),
('S004', '赵六', '女', 20, 'C003'),
('S005', '刘七', '男', 19, 'C002'),
('S006', '小明', '男', 22, 'C003'),
('S007', '小红', '女', 20, 'C002'),
('S008', '小李', '男', 21, 'C001'),
('S009', '小芳', '女', 19, 'C003'),
('S010', '小刚', '男', 20, 'C001'),
('S011', '小丽', '女', 21, 'C002'),
('S012', '小亮', '男', 19, 'C003'),
('S013', '小梅', '女', 20, 'C001'),
('S014', '小华', '男', 22, 'C002'),
('S015', '小宇', '男', 19, 'C003'),
('S016', '小娜', '女', 20, 'C001'),
('S017', '小风', '男', 21, 'C002'),
('S018', '小雨', '女', 19, 'C003'),
('S019', '小露', '女', 20, 'C001'),
('S020', '小阳', '男', 22, 'C002');

INSERT INTO class (c_no, c_major, c_college) VALUES
('C001', '计算机科学', '工学院'),
('C002', '电子工程', '工学院'),
('C003', '商务管理', '商学院'),
('C004', '生物医学', '医学院'),
('C005', '化学工程', '工学院'),
('C006', '土木工程', '工学院'),
('C007', '外交学', '社会学院'),
('C008', '人力资源', '商学院'),
('C009', '药学', '医学院'),
('C010', '会计学', '商学院'),
('C011', '物理学', '理学院'),
('C012', '历史学', '文学院'),
('C013', '人文地理学', '文学院'),
('C014', '法学', '法学院'),
('C015', '建筑学', '工学院'),
('C016', '环境科学', '理学院'),
('C017', '心理学', '心理学院'),
('C018', '数学学科', '理学院'),
('C019', '生态学', '理学院'),
('C020', '电气工程', '工学院');

INSERT INTO choice (ch_student_no, ch_course_no, ch_score) VALUES
('S001', 'CO001', 85),
('S002', 'CO002', 92),
('S003', 'CO001', 78),
('S004', 'CO003', 88),
('S005', 'CO002', 95),
('S006', 'CO004', 90),
('S007', 'CO005', 87),
('S008', 'CO006', 94),
('S009', 'CO007', 82),
('S010', 'CO008', 89),
('S011', 'CO009', 91),
('S012', 'CO010', 93),
('S013', 'CO011', 86),
('S014', 'CO012', 96),
('S015', 'CO013', 80),
('S016', 'CO014', 83),
('S017', 'CO015', 97),
('S018', 'CO016', 79),
('S019', 'CO017', 84),
('S020', 'CO018', 98);

INSERT INTO course (co_no, co_name, co_time, co_credit) VALUES
('CO001', '数据结构', 3, 4),
('CO002', '人工智能', 4, 5),
('CO003', '离散数学', 3, 3),
('CO004', '生物信息学', 4, 4),
('CO005', '有机化学', 3, 3),
('CO006', '软件工程', 4, 5),
('CO007', '药理学', 3, 4),
('CO008', '财务管理', 4, 5),
('CO009', '数据挖掘', 3, 4),
('CO010', '人口统计学', 4, 5),
('CO011', '国际法', 3, 4),
('CO012', '文学导论', 4, 5),
('CO013', '心理健康', 3, 3),
('CO014', '外国语言文学', 4, 5),
('CO015', '机械工程', 3, 4),
('CO016', '环境保护', 4, 5),
('CO017', '数理逻辑', 3, 3),
('CO018', '电力系统', 4, 5),
('CO019', '化学分析', 3, 4),
('CO020', '国际关系', 4, 5);